{"cameraMode":{"drawMode":0,"name":"Shaded","section":"Shading Mode"},"sceneLighting":false,"audioPlay":false,"sceneViewState":{"showFog":true,"showMaterialUpdate":false,"showSkybox":false,"showFlares":true,"showImageEffects":true,"showParticleSystems":true,"showVisualEffectGraphs":true,"m_FxEnabled":true},"in2DMode":false,"pivot":{"x":0.015711531043052675,"y":0.7222049832344055,"z":0.006413936614990234},"rotation":{"x":0.26583540439605715,"y":-0.4557766318321228,"z":0.14473429322242738,"w":0.8370679616928101},"size":1.2261987924575806,"orthographic":false}